timestamp,frame,cars,motorcycles,buses,trucks,current_vehicles,unique_cars,unique_motorcycles,unique_buses,unique_trucks,unique_total,left,right,straight,density,congestion
00:00,1,1,0,0,0,1,1,0,0,0,1,0,0,0,LOW,LOW
00:00,2,1,0,0,0,1,1,0,0,0,1,0,0,0,LOW,LOW
00:00,3,1,0,0,0,1,1,0,0,0,1,0,0,0,LOW,LOW
00:00,4,2,0,0,0,2,2,0,0,0,2,0,0,0,LOW,LOW
00:00,5,1,0,0,0,1,2,0,0,0,2,0,0,0,LOW,LOW
00:00,6,2,0,0,0,2,3,0,0,0,3,0,0,0,LOW,LOW
00:00,7,2,0,0,0,2,3,0,0,0,3,0,0,0,LOW,LOW
00:00,8,3,0,0,0,3,3,0,0,0,3,0,0,0,LOW,LOW
00:00,9,3,0,0,0,3,3,0,0,0,3,0,0,0,LOW,LOW
00:00,10,2,0,0,0,2,3,0,0,0,3,0,0,0,LOW,LOW
00:00,11,2,0,0,0,2,3,0,0,0,3,0,0,0,LOW,LOW
00:00,12,2,0,0,0,2,3,0,0,0,3,0,0,0,LOW,LOW
00:00,13,2,0,0,0,2,3,0,0,0,3,0,0,0,LOW,LOW
00:00,14,1,0,0,0,1,3,0,0,0,3,0,0,0,LOW,LOW
00:00,15,1,0,0,0,1,3,0,0,0,3,0,0,0,LOW,LOW
00:00,16,1,0,0,0,1,3,0,0,0,3,0,0,0,LOW,LOW
00:00,17,2,0,0,0,2,4,0,0,0,4,0,0,0,LOW,LOW
00:00,18,3,0,0,0,3,5,0,0,0,5,0,0,0,LOW,LOW
00:00,19,3,0,0,0,3,5,0,0,0,5,0,0,0,LOW,LOW
00:00,20,2,0,0,0,2,5,0,0,0,5,0,0,0,LOW,LOW
00:00,21,3,0,0,0,3,5,0,0,0,5,0,0,0,LOW,LOW
00:00,22,3,0,0,0,3,5,0,0,0,5,0,0,0,LOW,LOW
00:00,23,2,0,0,0,2,5,0,0,0,5,0,0,0,LOW,LOW
00:00,24,2,0,0,0,2,5,0,0,0,5,0,0,0,LOW,LOW
00:00,25,2,0,0,0,2,5,0,0,0,5,0,0,0,LOW,LOW
00:00,26,2,0,0,0,2,5,0,0,0,5,0,0,0,LOW,LOW
00:00,27,2,0,0,0,2,5,0,0,0,5,0,0,0,LOW,LOW
00:00,28,2,0,0,0,2,5,0,0,0,5,0,0,0,LOW,LOW
00:00,29,3,0,0,0,3,6,0,0,0,6,0,0,0,LOW,LOW
00:01,30,4,0,0,0,4,6,0,0,0,6,0,0,0,LOW,LOW
00:01,31,4,0,0,0,4,6,0,0,0,6,0,0,0,LOW,LOW
00:01,32,4,0,0,0,4,6,0,0,0,6,0,0,0,LOW,LOW
00:01,33,3,0,0,0,3,6,0,0,0,6,0,0,0,LOW,LOW
00:01,34,2,0,0,0,2,6,0,0,0,6,0,0,0,LOW,LOW
00:01,35,2,0,0,0,2,6,0,0,0,6,0,0,0,LOW,LOW
00:01,36,3,0,0,0,3,6,0,0,0,6,0,0,0,LOW,LOW
00:01,37,2,0,0,0,2,6,0,0,0,6,0,0,0,LOW,LOW
00:01,38,2,0,0,0,2,6,0,0,0,6,0,0,0,LOW,LOW
00:01,39,2,0,0,0,2,6,0,0,0,6,0,0,0,LOW,LOW
00:01,40,2,0,0,0,2,6,0,0,0,6,0,0,0,LOW,LOW
00:01,41,2,0,0,0,2,6,0,0,0,6,0,0,0,LOW,LOW
00:01,42,2,0,0,0,2,6,0,0,0,6,0,0,0,LOW,LOW
00:01,43,2,0,0,0,2,6,0,0,0,6,0,0,0,LOW,LOW
00:01,44,1,0,0,0,1,6,0,0,0,6,0,0,0,LOW,LOW
00:01,45,1,0,0,0,1,6,0,0,0,6,0,0,0,LOW,LOW
00:01,46,1,0,0,0,1,6,0,0,0,6,0,0,0,LOW,LOW
00:01,47,1,0,0,0,1,6,0,0,0,6,0,0,0,LOW,LOW
00:01,48,1,0,0,0,1,6,0,0,0,6,0,0,0,LOW,LOW
00:01,49,0,0,0,0,0,6,0,0,0,6,0,0,0,LOW,LOW
00:01,50,0,0,0,0,0,6,0,0,0,6,0,0,0,LOW,LOW
00:01,51,0,0,0,0,0,6,0,0,0,6,0,0,0,LOW,LOW
00:01,52,0,0,0,0,0,6,0,0,0,6,0,0,0,LOW,LOW
00:01,53,0,0,0,0,0,6,0,0,0,6,0,0,0,LOW,LOW
00:01,54,0,0,0,0,0,6,0,0,0,6,0,0,0,LOW,LOW
00:01,55,0,0,0,0,0,6,0,0,0,6,0,0,0,LOW,LOW
00:01,56,0,0,0,0,0,6,0,0,0,6,0,0,0,LOW,LOW
00:01,57,0,0,0,0,0,6,0,0,0,6,0,0,0,LOW,LOW
00:01,58,0,0,0,0,0,6,0,0,0,6,0,0,0,LOW,LOW
00:01,59,0,0,0,0,0,6,0,0,0,6,0,0,0,LOW,LOW
00:02,60,1,0,0,0,1,7,0,0,0,7,0,0,0,LOW,LOW
00:02,61,0,0,0,0,0,7,0,0,0,7,0,0,0,LOW,LOW
00:02,62,0,0,0,0,0,7,0,0,0,7,0,0,0,LOW,LOW
00:02,63,0,0,0,0,0,7,0,0,0,7,0,0,0,LOW,LOW
00:02,64,0,0,0,0,0,7,0,0,0,7,0,0,0,LOW,LOW
00:02,65,0,0,0,0,0,7,0,0,0,7,0,0,0,LOW,LOW
00:02,66,0,0,0,0,0,7,0,0,0,7,0,0,0,LOW,LOW
00:02,67,0,0,0,0,0,7,0,0,0,7,0,0,0,LOW,LOW
00:02,68,0,0,0,0,0,7,0,0,0,7,0,0,0,LOW,LOW
00:02,69,2,0,0,0,2,8,0,0,0,8,0,0,0,LOW,LOW
00:02,70,2,0,0,0,2,8,0,0,0,8,0,0,0,LOW,LOW
00:02,71,2,0,0,0,2,8,0,0,0,8,0,0,0,LOW,LOW
00:02,72,2,0,0,0,2,8,0,0,0,8,0,0,0,LOW,LOW
00:02,73,0,0,0,0,0,8,0,0,0,8,0,0,0,LOW,LOW
00:02,74,1,0,0,1,2,9,0,0,1,10,0,0,0,LOW,LOW
00:02,75,1,0,0,1,2,9,0,0,1,10,0,0,0,LOW,LOW
00:02,76,1,0,0,1,2,9,0,0,1,10,0,0,0,LOW,LOW
00:02,77,2,0,0,0,2,10,0,0,1,11,0,0,0,LOW,LOW
00:02,78,2,0,0,0,2,10,0,0,1,11,0,0,0,LOW,LOW
00:02,79,2,0,0,0,2,10,0,0,1,11,0,0,0,LOW,LOW
00:02,80,2,0,0,0,2,10,0,0,1,11,0,0,0,LOW,LOW
00:02,81,2,0,0,0,2,10,0,0,1,11,0,0,0,LOW,LOW
00:02,82,2,0,0,1,3,10,0,0,2,12,0,0,0,LOW,LOW
00:02,83,1,0,0,1,2,10,0,0,2,12,0,0,0,LOW,LOW
00:02,84,1,0,0,1,2,10,0,0,2,12,0,0,0,LOW,LOW
00:02,85,1,0,0,1,2,10,0,0,2,12,0,0,0,LOW,LOW
00:02,86,1,0,0,1,2,10,0,0,2,12,0,0,0,LOW,LOW
00:02,87,1,0,0,1,2,10,0,0,2,12,0,0,0,LOW,LOW
00:02,88,1,0,0,0,1,10,0,0,2,12,0,0,0,LOW,LOW
00:02,89,1,0,0,0,1,10,0,0,2,12,0,0,0,LOW,LOW
00:03,90,1,0,0,0,1,10,0,0,2,12,0,0,0,LOW,LOW
00:03,91,1,0,0,0,1,10,0,0,2,12,0,0,0,LOW,LOW
00:03,92,1,0,0,0,1,10,0,0,2,12,0,0,0,LOW,LOW
00:03,93,1,0,0,0,1,10,0,0,2,12,0,0,0,LOW,LOW
00:03,94,1,0,0,0,1,10,0,0,2,12,0,0,0,LOW,LOW
00:03,95,1,0,0,0,1,10,0,0,2,12,0,0,0,LOW,LOW
00:03,96,1,0,0,0,1,10,0,0,2,12,0,0,0,LOW,LOW
00:03,97,1,0,0,0,1,10,0,0,2,12,0,0,0,LOW,LOW
00:03,98,1,0,0,0,1,10,0,0,2,12,0,0,0,LOW,LOW
00:03,99,1,0,0,0,1,10,0,0,2,12,0,0,0,LOW,LOW
00:03,100,1,0,0,0,1,10,0,0,2,12,0,0,0,LOW,LOW
00:03,101,1,0,0,0,1,10,0,0,2,12,0,0,0,LOW,LOW
00:03,102,1,0,0,0,1,10,0,0,2,12,0,0,0,LOW,LOW
00:03,103,2,0,0,0,2,11,0,0,2,13,0,0,0,LOW,LOW
00:03,104,2,0,0,0,2,11,0,0,2,13,0,0,0,LOW,LOW
00:03,105,2,0,0,0,2,11,0,0,2,13,0,0,0,LOW,LOW
00:03,106,2,0,0,0,2,11,0,0,2,13,0,0,0,LOW,LOW
00:03,107,2,0,0,0,2,11,0,0,2,13,0,0,0,LOW,LOW
00:03,108,2,0,0,0,2,11,0,0,2,13,0,0,0,LOW,LOW
00:03,109,4,0,0,0,4,13,0,0,2,15,0,0,0,LOW,LOW
00:03,110,4,0,0,0,4,13,0,0,2,15,0,0,0,LOW,LOW
00:03,111,4,0,0,0,4,13,0,0,2,15,0,0,0,LOW,LOW
00:03,112,4,0,0,0,4,13,0,0,2,15,0,0,0,LOW,LOW
00:03,113,5,0,0,0,5,14,0,0,2,16,0,0,0,LOW,LOW
00:03,114,4,0,0,0,4,14,0,0,2,16,0,0,0,LOW,LOW
00:03,115,4,0,0,0,4,14,0,0,2,16,0,0,0,LOW,LOW
00:03,116,4,0,0,0,4,14,0,0,2,16,0,0,0,LOW,LOW
00:03,117,4,0,0,0,4,14,0,0,2,16,0,0,0,LOW,LOW
00:03,118,3,0,0,0,3,14,0,0,2,16,0,0,0,LOW,LOW
00:03,119,4,0,0,0,4,15,0,0,2,17,0,0,0,LOW,LOW
00:04,120,3,0,0,0,3,15,0,0,2,17,0,0,0,LOW,LOW
00:04,121,2,0,0,0,2,15,0,0,2,17,0,0,0,LOW,LOW
00:04,122,2,0,0,0,2,15,0,0,2,17,0,0,0,LOW,LOW
00:04,123,1,0,0,0,1,15,0,0,2,17,0,0,0,LOW,LOW
00:04,124,1,0,0,0,1,15,0,0,2,17,0,0,0,LOW,LOW
00:04,125,1,0,0,0,1,15,0,0,2,17,0,0,0,LOW,LOW
00:04,126,1,0,0,0,1,15,0,0,2,17,0,0,0,LOW,LOW
00:04,127,1,0,0,0,1,15,0,0,2,17,0,0,0,LOW,LOW
00:04,128,1,0,0,0,1,15,0,0,2,17,0,0,0,LOW,LOW
00:04,129,2,0,0,0,2,15,0,0,2,17,0,0,0,LOW,LOW
00:04,130,2,0,0,0,2,15,0,0,2,17,0,0,0,LOW,LOW
00:04,131,2,0,0,0,2,15,0,0,2,17,0,0,0,LOW,LOW
00:04,132,2,0,0,0,2,15,0,0,2,17,0,0,0,LOW,LOW
00:04,133,2,0,0,0,2,15,0,0,2,17,0,0,0,LOW,LOW
00:04,134,2,0,0,0,2,15,0,0,2,17,0,0,0,LOW,LOW
00:04,135,2,0,0,0,2,15,0,0,2,17,0,0,0,LOW,LOW
00:04,136,2,0,0,0,2,15,0,0,2,17,0,0,0,LOW,LOW
00:04,137,2,0,0,0,2,15,0,0,2,17,0,0,0,LOW,LOW
00:04,138,2,0,0,0,2,15,0,0,2,17,0,0,0,LOW,LOW
00:04,139,1,0,0,0,1,15,0,0,2,17,0,0,0,LOW,LOW
00:04,140,1,0,0,0,1,15,0,0,2,17,0,0,0,LOW,LOW
00:04,141,0,0,0,0,0,15,0,0,2,17,0,0,0,LOW,LOW
00:04,142,0,0,0,0,0,15,0,0,2,17,0,0,0,LOW,LOW
00:04,143,0,0,0,0,0,15,0,0,2,17,0,0,0,LOW,LOW
00:04,144,0,0,0,0,0,15,0,0,2,17,0,0,0,LOW,LOW
00:04,145,0,0,0,0,0,15,0,0,2,17,0,0,0,LOW,LOW
00:04,146,1,0,0,0,1,15,0,0,2,17,0,0,0,LOW,LOW
00:04,147,1,0,0,0,1,15,0,0,2,17,0,0,0,LOW,LOW
00:04,148,1,0,0,0,1,15,0,0,2,17,0,0,0,LOW,LOW
00:04,149,1,0,0,0,1,15,0,0,2,17,0,0,0,LOW,LOW
00:05,150,1,0,0,0,1,15,0,0,2,17,0,0,0,LOW,LOW
00:05,151,1,0,0,0,1,15,0,0,2,17,0,0,0,LOW,LOW
00:05,152,1,0,0,0,1,15,0,0,2,17,0,0,0,LOW,LOW
00:05,153,1,0,0,0,1,15,0,0,2,17,0,0,0,LOW,LOW
00:05,154,1,0,0,0,1,15,0,0,2,17,0,0,0,LOW,LOW
00:05,155,1,0,0,0,1,15,0,0,2,17,0,0,0,LOW,LOW
00:05,156,1,0,0,0,1,15,0,0,2,17,0,0,0,LOW,LOW
00:05,157,1,0,0,0,1,15,0,0,2,17,0,0,0,LOW,LOW
00:05,158,1,0,0,0,1,15,0,0,2,17,0,0,0,LOW,LOW
00:05,159,1,0,0,0,1,15,0,0,2,17,0,0,0,LOW,LOW
00:05,160,1,0,0,0,1,15,0,0,2,17,0,0,0,LOW,LOW
00:05,161,1,0,0,0,1,15,0,0,2,17,0,0,0,LOW,LOW
00:05,162,1,0,0,0,1,15,0,0,2,17,0,0,0,LOW,LOW
00:05,163,1,0,0,0,1,15,0,0,2,17,0,0,0,LOW,LOW
00:05,164,1,0,0,0,1,15,0,0,2,17,0,0,0,LOW,LOW
00:05,165,1,0,0,0,1,15,0,0,2,17,0,0,0,LOW,LOW
00:05,166,1,0,0,0,1,15,0,0,2,17,0,0,0,LOW,LOW
00:05,167,1,0,0,0,1,15,0,0,2,17,0,0,0,LOW,LOW
00:05,168,1,0,0,0,1,15,0,0,2,17,0,0,0,LOW,LOW
00:05,169,1,0,0,0,1,15,0,0,2,17,0,0,0,LOW,LOW
00:05,170,1,0,0,0,1,15,0,0,2,17,0,0,0,LOW,LOW
00:05,171,1,0,0,0,1,15,0,0,2,17,0,0,0,LOW,LOW
00:05,172,1,0,0,0,1,15,0,0,2,17,0,0,0,LOW,LOW
00:05,173,1,0,0,0,1,15,0,0,2,17,0,0,0,LOW,LOW
00:05,174,1,0,0,0,1,15,0,0,2,17,0,0,0,LOW,LOW
00:05,175,1,0,0,0,1,15,0,0,2,17,0,0,0,LOW,LOW
00:05,176,0,0,0,0,0,15,0,0,2,17,0,0,0,LOW,LOW
00:05,177,0,0,0,0,0,15,0,0,2,17,0,0,0,LOW,LOW
00:05,178,0,0,0,0,0,15,0,0,2,17,0,0,0,LOW,LOW
00:05,179,0,0,0,0,0,15,0,0,2,17,0,0,0,LOW,LOW
00:06,180,1,0,0,0,1,15,0,0,2,17,0,0,0,LOW,LOW
00:06,181,1,0,0,0,1,15,0,0,2,17,0,0,0,LOW,LOW
00:06,182,1,0,0,0,1,15,0,0,2,17,0,0,0,LOW,LOW
00:06,183,1,0,0,0,1,15,0,0,2,17,0,0,0,LOW,LOW
00:06,184,2,0,0,0,2,16,0,0,2,18,0,0,0,LOW,LOW
00:06,185,2,0,0,0,2,16,0,0,2,18,0,0,0,LOW,LOW
00:06,186,2,0,0,0,2,16,0,0,2,18,0,0,0,LOW,LOW
00:06,187,2,0,0,0,2,16,0,0,2,18,0,0,0,LOW,LOW
00:06,188,3,0,0,0,3,17,0,0,2,19,0,0,0,LOW,LOW
00:06,189,3,0,0,0,3,17,0,0,2,19,0,0,0,LOW,LOW
00:06,190,2,0,0,0,2,17,0,0,2,19,0,0,0,LOW,LOW
00:06,191,2,0,0,0,2,18,0,0,2,20,0,0,0,LOW,LOW
00:06,192,2,0,0,0,2,18,0,0,2,20,0,0,0,LOW,LOW
00:06,193,2,0,0,1,3,18,0,0,3,21,0,0,0,LOW,LOW
00:06,194,2,0,0,1,3,18,0,0,3,21,0,0,0,LOW,LOW
00:06,195,2,0,0,1,3,18,0,0,3,21,0,0,0,LOW,LOW
00:06,196,2,0,0,1,3,18,0,0,3,21,0,0,0,LOW,LOW
00:06,197,2,0,0,0,2,18,0,0,3,21,0,0,0,LOW,LOW
00:06,198,2,0,0,0,2,18,0,0,3,21,0,0,0,LOW,LOW
00:06,199,2,0,0,0,2,18,0,0,3,21,0,0,0,LOW,LOW
00:06,200,2,0,0,0,2,18,0,0,3,21,0,0,0,LOW,LOW
00:06,201,0,0,0,0,0,18,0,0,3,21,0,0,0,LOW,LOW
00:06,202,0,0,0,0,0,18,0,0,3,21,0,0,0,LOW,LOW
00:06,203,0,0,0,0,0,18,0,0,3,21,0,0,0,LOW,LOW
00:06,204,0,0,0,0,0,18,0,0,3,21,0,0,0,LOW,LOW
00:06,205,0,0,0,0,0,18,0,0,3,21,0,0,0,LOW,LOW
00:06,206,0,0,0,0,0,18,0,0,3,21,0,0,0,LOW,LOW
00:06,207,1,0,0,0,1,18,0,0,3,21,0,0,0,LOW,LOW
00:06,208,1,0,0,0,1,18,0,0,3,21,0,0,0,LOW,LOW
00:06,209,1,0,0,0,1,18,0,0,3,21,0,0,0,LOW,LOW
00:07,210,1,0,0,0,1,18,0,0,3,21,0,0,0,LOW,LOW
00:07,211,0,0,0,0,0,18,0,0,3,21,0,0,0,LOW,LOW
00:07,212,0,0,0,0,0,18,0,0,3,21,0,0,0,LOW,LOW
00:07,213,0,0,0,0,0,18,0,0,3,21,0,0,0,LOW,LOW
00:07,214,0,0,0,0,0,18,0,0,3,21,0,0,0,LOW,LOW
00:07,215,1,0,0,0,1,19,0,0,3,22,0,0,0,LOW,LOW
00:07,216,1,0,0,0,1,19,0,0,3,22,0,0,0,LOW,LOW
00:07,217,1,0,0,0,1,19,0,0,3,22,0,0,0,LOW,LOW
00:07,218,1,0,0,0,1,19,0,0,3,22,0,0,0,LOW,LOW
00:07,219,1,0,0,0,1,19,0,0,3,22,0,0,0,LOW,LOW
00:07,220,1,0,0,0,1,19,0,0,3,22,0,0,0,LOW,LOW
00:07,221,2,0,0,0,2,19,0,0,3,22,0,0,0,LOW,LOW
00:07,222,2,0,0,0,2,19,0,0,3,22,0,0,0,LOW,LOW
00:07,223,1,0,0,0,1,19,0,0,3,22,0,0,0,LOW,LOW
00:07,224,1,0,0,0,1,19,0,0,3,22,0,0,0,LOW,LOW
00:07,225,1,0,0,0,1,19,0,0,3,22,0,0,0,LOW,LOW
00:07,226,1,0,0,0,1,19,0,0,3,22,0,0,0,LOW,LOW
00:07,227,1,0,0,0,1,19,0,0,3,22,0,0,0,LOW,LOW
00:07,228,1,0,0,0,1,19,0,0,3,22,0,0,0,LOW,LOW
00:07,229,1,0,0,0,1,19,0,0,3,22,0,0,0,LOW,LOW
00:07,230,0,0,0,0,0,19,0,0,3,22,0,0,0,LOW,LOW
00:07,231,0,0,0,0,0,19,0,0,3,22,0,0,0,LOW,LOW
00:07,232,0,0,0,0,0,19,0,0,3,22,0,0,0,LOW,LOW
00:07,233,0,0,0,0,0,19,0,0,3,22,0,0,0,LOW,LOW
00:07,234,1,0,0,0,1,19,0,0,3,22,0,0,0,LOW,LOW
00:07,235,1,0,0,0,1,19,0,0,3,22,0,0,0,LOW,LOW
00:07,236,0,0,0,0,0,19,0,0,3,22,0,0,0,LOW,LOW
00:07,237,0,0,0,0,0,19,0,0,3,22,0,0,0,LOW,LOW
00:07,238,1,0,0,0,1,19,0,0,3,22,0,0,0,LOW,LOW
00:07,239,1,0,0,0,1,19,0,0,3,22,0,0,0,LOW,LOW
00:08,240,1,0,0,0,1,19,0,0,3,22,0,0,0,LOW,LOW
00:08,241,1,0,0,0,1,19,0,0,3,22,0,0,0,LOW,LOW
00:08,242,1,0,0,0,1,19,0,0,3,22,0,0,0,LOW,LOW
00:08,243,1,0,0,0,1,19,0,0,3,22,0,0,0,LOW,LOW
00:08,244,3,0,0,0,3,20,0,0,3,23,0,0,0,LOW,LOW
00:08,245,4,0,0,0,4,21,0,0,3,24,0,0,0,LOW,LOW
00:08,246,2,0,0,0,2,21,0,0,3,24,0,0,0,LOW,LOW
00:08,247,2,0,0,0,2,21,0,0,3,24,0,0,0,LOW,LOW
00:08,248,2,0,0,0,2,21,0,0,3,24,0,0,0,LOW,LOW
00:08,249,2,0,0,0,2,21,0,0,3,24,0,0,0,LOW,LOW
00:08,250,1,0,0,0,1,21,0,0,3,24,0,0,0,LOW,LOW
00:08,251,0,0,0,0,0,21,0,0,3,24,0,0,0,LOW,LOW
00:08,252,0,0,0,0,0,21,0,0,3,24,0,0,0,LOW,LOW
00:08,253,0,0,0,0,0,21,0,0,3,24,0,0,0,LOW,LOW
00:08,254,1,0,0,0,1,22,0,0,3,25,0,0,0,LOW,LOW
00:08,255,1,0,0,0,1,22,0,0,3,25,0,0,0,LOW,LOW
00:08,256,1,0,0,0,1,22,0,0,3,25,0,0,0,LOW,LOW
00:08,257,2,0,0,0,2,22,0,0,3,25,0,0,0,LOW,LOW
00:08,258,2,0,0,0,2,22,0,0,3,25,0,0,0,LOW,LOW
00:08,259,2,0,0,0,2,22,0,0,3,25,0,0,0,LOW,LOW
00:08,260,2,0,0,0,2,22,0,0,3,25,0,0,0,LOW,LOW
00:08,261,1,0,0,0,1,22,0,0,3,25,0,0,0,LOW,LOW
00:08,262,2,0,0,0,2,22,0,0,3,25,0,0,0,LOW,LOW
00:08,263,1,0,0,0,1,22,0,0,3,25,0,0,0,LOW,LOW
00:08,264,1,0,0,0,1,22,0,0,3,25,0,0,0,LOW,LOW
00:08,265,2,0,0,0,2,23,0,0,3,26,0,0,0,LOW,LOW
00:08,266,3,0,0,0,3,24,0,0,3,27,0,0,0,LOW,LOW
00:08,267,2,0,0,0,2,24,0,0,3,27,0,0,0,LOW,LOW
00:08,268,3,0,0,0,3,24,0,0,3,27,0,0,0,LOW,LOW
00:08,269,4,0,0,0,4,25,0,0,3,28,0,0,0,LOW,LOW
00:09,270,4,0,0,0,4,25,0,0,3,28,0,0,0,LOW,LOW
00:09,271,3,0,0,0,3,25,0,0,3,28,0,0,0,LOW,LOW
00:09,272,1,0,0,0,1,25,0,0,3,28,0,0,0,LOW,LOW
00:09,273,0,0,0,0,0,25,0,0,3,28,0,0,0,LOW,LOW
00:09,274,1,0,0,0,1,25,0,0,3,28,0,0,0,LOW,LOW
00:09,275,1,0,0,0,1,25,0,0,3,28,0,0,0,LOW,LOW
00:09,276,2,0,0,0,2,25,0,0,3,28,0,0,0,LOW,LOW
00:09,277,3,0,0,0,3,25,0,0,3,28,0,0,0,LOW,LOW
00:09,278,3,0,0,0,3,25,0,0,3,28,0,0,0,LOW,LOW
00:09,279,3,0,0,0,3,25,0,0,3,28,0,0,0,LOW,LOW
00:09,280,2,0,0,0,2,25,0,0,3,28,0,0,0,LOW,LOW
00:09,281,1,0,0,0,1,25,0,0,3,28,0,0,0,LOW,LOW
00:09,282,1,0,0,0,1,25,0,0,3,28,0,0,0,LOW,LOW
00:09,283,2,0,0,0,2,26,0,0,3,29,0,0,0,LOW,LOW
00:09,284,3,0,0,0,3,27,0,0,3,30,0,0,0,LOW,LOW
00:09,285,2,0,0,0,2,27,0,0,3,30,0,0,0,LOW,LOW
00:09,286,2,0,0,0,2,27,0,0,3,30,0,0,0,LOW,LOW
00:09,287,2,0,0,0,2,27,0,0,3,30,0,0,0,LOW,LOW
00:09,288,2,0,0,0,2,27,0,0,3,30,0,0,0,LOW,LOW
00:09,289,2,0,0,0,2,27,0,0,3,30,0,0,0,LOW,LOW
00:09,290,2,0,0,0,2,27,0,0,3,30,0,0,0,LOW,LOW
00:09,291,2,0,0,0,2,27,0,0,3,30,0,0,0,LOW,LOW
00:09,292,1,0,0,0,1,27,0,0,3,30,0,0,0,LOW,LOW
00:09,293,2,0,0,0,2,27,0,0,3,30,0,0,0,LOW,LOW
00:09,294,2,0,0,0,2,27,0,0,3,30,0,0,0,LOW,LOW
00:09,295,1,0,0,0,1,27,0,0,3,30,0,0,0,LOW,LOW
00:09,296,1,0,0,0,1,27,0,0,3,30,0,0,0,LOW,LOW
00:09,297,1,0,0,0,1,27,0,0,3,30,0,0,0,LOW,LOW
00:09,298,1,0,0,0,1,27,0,0,3,30,0,0,0,LOW,LOW
00:09,299,1,0,0,0,1,27,0,0,3,30,0,0,0,LOW,LOW
00:10,300,1,0,0,0,1,27,0,0,3,30,0,0,0,LOW,LOW
00:10,301,1,0,0,0,1,27,0,0,3,30,0,0,0,LOW,LOW
00:10,302,1,0,0,0,1,27,0,0,3,30,0,0,0,LOW,LOW
00:10,303,1,0,0,0,1,27,0,0,3,30,0,0,0,LOW,LOW
00:10,304,2,0,0,0,2,27,0,0,3,30,0,0,0,LOW,LOW
00:10,305,2,0,0,0,2,27,0,0,3,30,0,0,0,LOW,LOW
00:10,306,3,0,0,0,3,28,0,0,3,31,0,0,0,LOW,LOW
00:10,307,3,0,0,0,3,28,0,0,3,31,0,0,0,LOW,LOW
00:10,308,3,0,0,0,3,28,0,0,3,31,0,0,0,LOW,LOW
00:10,309,4,0,0,0,4,29,0,0,3,32,0,0,0,LOW,LOW
00:10,310,4,0,0,0,4,29,0,0,3,32,0,0,0,LOW,LOW
00:10,311,4,0,0,0,4,29,0,0,3,32,0,0,0,LOW,LOW
00:10,312,4,0,0,0,4,29,0,0,3,32,0,0,0,LOW,LOW
00:10,313,4,0,0,0,4,29,0,0,3,32,0,0,0,LOW,LOW
00:10,314,4,0,0,0,4,29,0,0,3,32,0,0,0,LOW,LOW
00:10,315,5,0,0,0,5,30,0,0,3,33,0,0,0,LOW,LOW
00:10,316,5,0,0,0,5,30,0,0,3,33,0,0,0,LOW,LOW
00:10,317,5,0,0,0,5,30,0,0,3,33,0,0,0,LOW,LOW
00:10,318,5,0,0,0,5,30,0,0,3,33,0,0,0,LOW,LOW
